{
  "annotations": [
    {
      "kind": "AnnotationQuery",
      "spec": {
        "builtIn": true,
        "enable": true,
        "hide": true,
        "iconColor": "rgba(0, 211, 255, 1)",
        "name": "Annotations & Alerts"
      }
    }
  ],
  "cursorSync": "Off",
  "description": "",
  "editable": true,
  "elements": {
    "panel-1": {
      "kind": "Panel",
      "spec": {
        "data": {
          "kind": "QueryGroup",
          "spec": {
            "queries": [
              {
                "kind": "PanelQuery",
                "spec": {
                  "hidden": false,
                  "query": {
                    "kind": "tempo",
                    "spec": {
                      "filters": [
                        {
                          "id": "f905accb",
                          "operator": "=",
                          "scope": "span"
                        },
                        {
                          "id": "service-name",
                          "operator": "=",
                          "scope": "resource",
                          "tag": "service.name",
                          "value": [
                            "war_map"
                          ],
                          "valueType": "string"
                        }
                      ],
                      "limit": 20,
                      "metricsQueryType": "range",
                      "queryType": "traceqlSearch",
                      "tableType": "traces"
                    }
                  },
                  "refId": "A"
                }
              }
            ],
            "queryOptions": {},
            "transformations": []
          }
        },
        "description": "",
        "id": 1,
        "links": [],
        "title": "Player Decisions",
        "vizConfig": {
          "kind": "table",
          "spec": {
            "fieldConfig": {
              "defaults": {
                "custom": {
                  "align": "auto",
                  "cellOptions": {
                    "type": "auto"
                  },
                  "inspect": false
                },
                "mappings": [],
                "thresholds": {
                  "mode": "absolute",
                  "steps": [
                    {
                      "color": "green"
                    },
                    {
                      "color": "red",
                      "value": 80
                    }
                  ]
                }
              },
              "overrides": []
            },
            "options": {
              "cellHeight": "sm",
              "footer": {
                "countRows": false,
                "fields": "",
                "reducer": [
                  "sum"
                ],
                "show": false
              },
              "showHeader": true
            },
            "pluginVersion": "12.0.0"
          }
        }
      }
    },
    "panel-10": {
      "kind": "Panel",
      "spec": {
        "data": {
          "kind": "QueryGroup",
          "spec": {
            "queries": [
              {
                "kind": "PanelQuery",
                "spec": {
                  "hidden": false,
                  "query": {
                    "kind": "prometheus",
                    "spec": {
                      "disableTextWrap": false,
                      "editorMode": "builder",
                      "expr": "game_location_control_ratio{location=\"northern-capital\"}",
                      "fullMetaSearch": false,
                      "includeNullMetadata": true,
                      "instant": false,
                      "legendFormat": "__auto",
                      "range": true,
                      "useBackend": false
                    }
                  },
                  "refId": "A"
                }
              }
            ],
            "queryOptions": {},
            "transformations": []
          }
        },
        "description": "",
        "id": 10,
        "links": [],
        "title": "Location Allegiance",
        "vizConfig": {
          "kind": "bargauge",
          "spec": {
            "fieldConfig": {
              "defaults": {
                "color": {
                  "mode": "thresholds"
                },
                "max": 2,
                "min": 0,
                "thresholds": {
                  "mode": "absolute",
                  "steps": [
                    {
                      "color": "#370a4d",
                      "value": 0
                    },
                    {
                      "color": "super-light-blue",
                      "value": 1
                    },
                    {
                      "color": "dark-red",
                      "value": 2
                    }
                  ]
                }
              },
              "overrides": []
            },
            "options": {
              "displayMode": "gradient",
              "legend": {
                "calcs": [],
                "displayMode": "list",
                "placement": "bottom",
                "showLegend": false
              },
              "maxVizHeight": 300,
              "minVizHeight": 16,
              "minVizWidth": 8,
              "namePlacement": "auto",
              "orientation": "auto",
              "reduceOptions": {
                "calcs": [
                  "lastNotNull"
                ],
                "fields": "",
                "values": false
              },
              "showUnfilled": true,
              "sizing": "auto",
              "valueMode": "color"
            },
            "pluginVersion": "12.0.0"
          }
        }
      }
    },
    "panel-11": {
      "kind": "Panel",
      "spec": {
        "data": {
          "kind": "QueryGroup",
          "spec": {
            "queries": [
              {
                "kind": "PanelQuery",
                "spec": {
                  "hidden": false,
                  "query": {
                    "kind": "loki",
                    "spec": {
                      "direction": "backward",
                      "editorMode": "code",
                      "expr": "{service_name=\"northern-capital\"} | code_function_name != \"_log\"",
                      "queryType": "range"
                    }
                  },
                  "refId": "A"
                }
              }
            ],
            "queryOptions": {},
            "transformations": []
          }
        },
        "description": "",
        "id": 11,
        "links": [],
        "title": "Location History",
        "vizConfig": {
          "kind": "logs",
          "spec": {
            "fieldConfig": {
              "defaults": {},
              "overrides": []
            },
            "options": {
              "dedupStrategy": "none",
              "enableInfiniteScrolling": false,
              "enableLogDetails": true,
              "prettifyLogMessage": false,
              "showCommonLabels": false,
              "showLabels": false,
              "showTime": false,
              "sortOrder": "Descending",
              "wrapLogMessage": false
            },
            "pluginVersion": "12.0.0"
          }
        }
      }
    },
    "panel-12": {
      "kind": "Panel",
      "spec": {
        "data": {
          "kind": "QueryGroup",
          "spec": {
            "queries": [
              {
                "kind": "PanelQuery",
                "spec": {
                  "hidden": false,
                  "query": {
                    "kind": "prometheus",
                    "spec": {
                      "disableTextWrap": false,
                      "editorMode": "code",
                      "expr": "sum(game_army_size_ratio{job=\"$villages\"}) without (faction)",
                      "fullMetaSearch": false,
                      "includeNullMetadata": true,
                      "instant": false,
                      "legendFormat": "__auto",
                      "range": true,
                      "useBackend": false
                    }
                  },
                  "refId": "A"
                }
              }
            ],
            "queryOptions": {},
            "transformations": []
          }
        },
        "description": "",
        "id": 12,
        "links": [],
        "title": "Current Army",
        "vizConfig": {
          "kind": "stat",
          "spec": {
            "fieldConfig": {
              "defaults": {
                "thresholds": {
                  "mode": "absolute",
                  "steps": [
                    {
                      "color": "green",
                      "value": 0
                    },
                    {
                      "color": "red",
                      "value": 80
                    }
                  ]
                },
                "unit": "short"
              },
              "overrides": []
            },
            "options": {
              "colorMode": "background",
              "graphMode": "none",
              "justifyMode": "auto",
              "orientation": "auto",
              "percentChangeColorMode": "standard",
              "reduceOptions": {
                "calcs": [
                  "lastNotNull"
                ],
                "fields": "",
                "values": false
              },
              "showPercentChange": false,
              "textMode": "auto",
              "wideLayout": true
            },
            "pluginVersion": "12.0.0"
          }
        }
      }
    },
    "panel-13": {
      "kind": "Panel",
      "spec": {
        "data": {
          "kind": "QueryGroup",
          "spec": {
            "queries": [
              {
                "kind": "PanelQuery",
                "spec": {
                  "hidden": false,
                  "query": {
                    "kind": "prometheus",
                    "spec": {
                      "disableTextWrap": false,
                      "editorMode": "builder",
                      "expr": "game_resources_ratio{job=\"$villages\"}",
                      "fullMetaSearch": false,
                      "includeNullMetadata": true,
                      "instant": false,
                      "legendFormat": "__auto",
                      "range": true,
                      "useBackend": false
                    }
                  },
                  "refId": "A"
                }
              }
            ],
            "queryOptions": {},
            "transformations": []
          }
        },
        "description": "",
        "id": 13,
        "links": [],
        "title": "Current Resources",
        "vizConfig": {
          "kind": "gauge",
          "spec": {
            "fieldConfig": {
              "defaults": {
                "color": {
                  "mode": "thresholds"
                },
                "max": 200,
                "min": 0,
                "thresholds": {
                  "mode": "absolute",
                  "steps": [
                    {
                      "color": "dark-red",
                      "value": 0
                    },
                    {
                      "color": "red",
                      "value": 30
                    },
                    {
                      "color": "#EAB839",
                      "value": 50
                    },
                    {
                      "color": "dark-green",
                      "value": 100
                    }
                  ]
                }
              },
              "overrides": []
            },
            "options": {
              "minVizHeight": 75,
              "minVizWidth": 75,
              "orientation": "auto",
              "reduceOptions": {
                "calcs": [
                  "lastNotNull"
                ],
                "fields": "",
                "values": false
              },
              "showThresholdLabels": false,
              "showThresholdMarkers": true,
              "sizing": "auto"
            },
            "pluginVersion": "12.0.0"
          }
        }
      }
    },
    "panel-14": {
      "kind": "Panel",
      "spec": {
        "data": {
          "kind": "QueryGroup",
          "spec": {
            "queries": [
              {
                "kind": "PanelQuery",
                "spec": {
                  "hidden": false,
                  "query": {
                    "kind": "prometheus",
                    "spec": {
                      "disableTextWrap": false,
                      "editorMode": "code",
                      "expr": "sum(game_location_control_ratio{job=\"$villages\"}) without (faction)",
                      "fullMetaSearch": false,
                      "includeNullMetadata": true,
                      "instant": false,
                      "legendFormat": "__auto",
                      "range": true,
                      "useBackend": false
                    }
                  },
                  "refId": "A"
                }
              }
            ],
            "queryOptions": {},
            "transformations": []
          }
        },
        "description": "",
        "id": 14,
        "links": [],
        "title": "Location Allegiance",
        "vizConfig": {
          "kind": "bargauge",
          "spec": {
            "fieldConfig": {
              "defaults": {
                "color": {
                  "mode": "thresholds"
                },
                "max": 2,
                "min": 0,
                "thresholds": {
                  "mode": "absolute",
                  "steps": [
                    {
                      "color": "#370a4d",
                      "value": 0
                    },
                    {
                      "color": "super-light-blue",
                      "value": 1
                    },
                    {
                      "color": "dark-red",
                      "value": 2
                    }
                  ]
                }
              },
              "overrides": []
            },
            "options": {
              "displayMode": "gradient",
              "legend": {
                "calcs": [],
                "displayMode": "list",
                "placement": "bottom",
                "showLegend": false
              },
              "maxVizHeight": 300,
              "minVizHeight": 16,
              "minVizWidth": 8,
              "namePlacement": "auto",
              "orientation": "auto",
              "reduceOptions": {
                "calcs": [
                  "lastNotNull"
                ],
                "fields": "",
                "values": false
              },
              "showUnfilled": true,
              "sizing": "auto",
              "valueMode": "color"
            },
            "pluginVersion": "12.0.0"
          }
        }
      }
    },
    "panel-15": {
      "kind": "Panel",
      "spec": {
        "data": {
          "kind": "QueryGroup",
          "spec": {
            "queries": [
              {
                "kind": "PanelQuery",
                "spec": {
                  "hidden": false,
                  "query": {
                    "kind": "loki",
                    "spec": {
                      "direction": "backward",
                      "editorMode": "code",
                      "expr": "{service_name=\"$villages\"} | code_function_name !=\"_log\"",
                      "queryType": "range"
                    }
                  },
                  "refId": "A"
                }
              }
            ],
            "queryOptions": {},
            "transformations": []
          }
        },
        "description": "",
        "id": 15,
        "links": [],
        "title": "Location History",
        "vizConfig": {
          "kind": "logs",
          "spec": {
            "fieldConfig": {
              "defaults": {},
              "overrides": []
            },
            "options": {
              "dedupStrategy": "none",
              "enableInfiniteScrolling": false,
              "enableLogDetails": true,
              "prettifyLogMessage": false,
              "showCommonLabels": false,
              "showLabels": false,
              "showTime": false,
              "sortOrder": "Descending",
              "wrapLogMessage": false
            },
            "pluginVersion": "12.0.0"
          }
        }
      }
    },
    "panel-16": {
      "kind": "Panel",
      "spec": {
        "data": {
          "kind": "QueryGroup",
          "spec": {
            "queries": [
              {
                "kind": "PanelQuery",
                "spec": {
                  "hidden": false,
                  "query": {
                    "kind": "tempo",
                    "spec": {
                      "filters": [
                        {
                          "id": "e020e714",
                          "operator": "=",
                          "scope": "span"
                        }
                      ],
                      "limit": 20,
                      "metricsQueryType": "range",
                      "queryType": "serviceMap",
                      "serviceMapQuery": "{}",
                      "tableType": "traces"
                    }
                  },
                  "refId": "A"
                }
              }
            ],
            "queryOptions": {},
            "transformations": []
          }
        },
        "description": "",
        "id": 16,
        "links": [],
        "title": "War Map",
        "vizConfig": {
          "kind": "nodeGraph",
          "spec": {
            "fieldConfig": {
              "defaults": {},
              "overrides": []
            },
            "options": {
              "edges": {},
              "layoutAlgorithm": "layered",
              "nodes": {},
              "zoomMode": "cooperative"
            },
            "pluginVersion": "12.0.0"
          }
        }
      }
    },
    "panel-17": {
      "kind": "Panel",
      "spec": {
        "data": {
          "kind": "QueryGroup",
          "spec": {
            "queries": [
              {
                "kind": "PanelQuery",
                "spec": {
                  "hidden": false,
                  "query": {
                    "kind": "tempo",
                    "spec": {
                      "filters": [
                        {
                          "id": "9aa2da84",
                          "operator": ">",
                          "scope": "span",
                          "tag": "army_size",
                          "value": [
                            "3"
                          ]
                        }
                      ],
                      "limit": 20,
                      "metricsQueryType": "range",
                      "query": "{span.army_size>3}",
                      "queryType": "traceqlSearch",
                      "tableType": "traces"
                    }
                  },
                  "refId": "A"
                }
              }
            ],
            "queryOptions": {},
            "transformations": []
          }
        },
        "description": "",
        "id": 17,
        "links": [],
        "title": "Army Size Greater than 3",
        "vizConfig": {
          "kind": "table",
          "spec": {
            "fieldConfig": {
              "defaults": {
                "custom": {
                  "align": "auto",
                  "cellOptions": {
                    "type": "auto"
                  },
                  "inspect": false
                },
                "thresholds": {
                  "mode": "absolute",
                  "steps": [
                    {
                      "color": "green",
                      "value": 0
                    },
                    {
                      "color": "red",
                      "value": 80
                    }
                  ]
                }
              },
              "overrides": []
            },
            "options": {
              "cellHeight": "sm",
              "footer": {
                "countRows": false,
                "fields": "",
                "reducer": [
                  "sum"
                ],
                "show": false
              },
              "showHeader": true
            },
            "pluginVersion": "12.0.0"
          }
        }
      }
    },
    "panel-18": {
      "kind": "Panel",
      "spec": {
        "data": {
          "kind": "QueryGroup",
          "spec": {
            "queries": [
              {
                "kind": "PanelQuery",
                "spec": {
                  "hidden": false,
                  "query": {
                    "kind": "prometheus",
                    "spec": {
                      "disableTextWrap": false,
                      "editorMode": "builder",
                      "expr": "game_army_size_ratio{location=\"southern-capital\"}",
                      "fullMetaSearch": false,
                      "includeNullMetadata": true,
                      "instant": false,
                      "legendFormat": "__auto",
                      "range": true,
                      "useBackend": false
                    }
                  },
                  "refId": "A"
                }
              }
            ],
            "queryOptions": {},
            "transformations": []
          }
        },
        "description": "",
        "id": 18,
        "links": [],
        "title": "Current Army",
        "vizConfig": {
          "kind": "gauge",
          "spec": {
            "fieldConfig": {
              "defaults": {
                "color": {
                  "mode": "thresholds"
                },
                "max": 10,
                "min": 0,
                "thresholds": {
                  "mode": "absolute",
                  "steps": [
                    {
                      "color": "dark-red",
                      "value": 0
                    },
                    {
                      "color": "red",
                      "value": 3
                    },
                    {
                      "color": "#EAB839",
                      "value": 5
                    },
                    {
                      "color": "dark-green",
                      "value": 15
                    }
                  ]
                }
              },
              "overrides": []
            },
            "options": {
              "minVizHeight": 75,
              "minVizWidth": 75,
              "orientation": "auto",
              "reduceOptions": {
                "calcs": [
                  "lastNotNull"
                ],
                "fields": "",
                "values": false
              },
              "showThresholdLabels": false,
              "showThresholdMarkers": true,
              "sizing": "auto"
            },
            "pluginVersion": "12.0.0"
          }
        }
      }
    },
    "panel-19": {
      "kind": "Panel",
      "spec": {
        "data": {
          "kind": "QueryGroup",
          "spec": {
            "queries": [
              {
                "kind": "PanelQuery",
                "spec": {
                  "hidden": false,
                  "query": {
                    "kind": "prometheus",
                    "spec": {
                      "disableTextWrap": false,
                      "editorMode": "builder",
                      "exemplar": true,
                      "expr": "game_battles_total",
                      "fullMetaSearch": false,
                      "includeNullMetadata": true,
                      "instant": false,
                      "legendFormat": "__auto",
                      "range": true,
                      "useBackend": false
                    }
                  },
                  "refId": "A"
                }
              }
            ],
            "queryOptions": {},
            "transformations": []
          }
        },
        "description": "",
        "id": 19,
        "links": [],
        "title": "Battles",
        "vizConfig": {
          "kind": "timeseries",
          "spec": {
            "fieldConfig": {
              "defaults": {
                "color": {
                  "mode": "palette-classic"
                },
                "custom": {
                  "axisBorderShow": false,
                  "axisCenteredZero": false,
                  "axisColorMode": "text",
                  "axisLabel": "",
                  "axisPlacement": "auto",
                  "barAlignment": 0,
                  "barWidthFactor": 0.6,
                  "drawStyle": "line",
                  "fillOpacity": 17,
                  "gradientMode": "none",
                  "hideFrom": {
                    "legend": false,
                    "tooltip": false,
                    "viz": false
                  },
                  "insertNulls": false,
                  "lineInterpolation": "linear",
                  "lineStyle": {
                    "fill": "solid"
                  },
                  "lineWidth": 1,
                  "pointSize": 1,
                  "scaleDistribution": {
                    "type": "linear"
                  },
                  "showPoints": "auto",
                  "spanNulls": false,
                  "stacking": {
                    "group": "A",
                    "mode": "none"
                  },
                  "thresholdsStyle": {
                    "mode": "off"
                  }
                },
                "mappings": [],
                "thresholds": {
                  "mode": "absolute",
                  "steps": [
                    {
                      "color": "green"
                    },
                    {
                      "color": "red",
                      "value": 80
                    }
                  ]
                }
              },
              "overrides": []
            },
            "options": {
              "legend": {
                "calcs": [],
                "displayMode": "list",
                "placement": "bottom",
                "showLegend": false
              },
              "tooltip": {
                "hideZeros": false,
                "mode": "single",
                "sort": "none"
              }
            },
            "pluginVersion": "12.0.0"
          }
        }
      }
    },
    "panel-2": {
      "kind": "Panel",
      "spec": {
        "data": {
          "kind": "QueryGroup",
          "spec": {
            "queries": [
              {
                "kind": "PanelQuery",
                "spec": {
                  "hidden": false,
                  "query": {
                    "kind": "prometheus",
                    "spec": {
                      "disableTextWrap": false,
                      "editorMode": "code",
                      "exemplar": true,
                      "expr": "sum by (faction) (game_army_size_ratio)",
                      "fullMetaSearch": false,
                      "includeNullMetadata": true,
                      "instant": false,
                      "legendFormat": "__auto",
                      "range": true,
                      "useBackend": false
                    }
                  },
                  "refId": "A"
                }
              }
            ],
            "queryOptions": {},
            "transformations": []
          }
        },
        "description": "",
        "id": 2,
        "links": [],
        "title": "Current Army by Faction",
        "vizConfig": {
          "kind": "timeseries",
          "spec": {
            "fieldConfig": {
              "defaults": {
                "color": {
                  "mode": "palette-classic"
                },
                "custom": {
                  "axisBorderShow": false,
                  "axisCenteredZero": false,
                  "axisColorMode": "text",
                  "axisLabel": "",
                  "axisPlacement": "auto",
                  "barAlignment": 0,
                  "barWidthFactor": 0.6,
                  "drawStyle": "line",
                  "fillOpacity": 29,
                  "gradientMode": "none",
                  "hideFrom": {
                    "legend": false,
                    "tooltip": false,
                    "viz": false
                  },
                  "insertNulls": false,
                  "lineInterpolation": "linear",
                  "lineWidth": 1,
                  "pointSize": 5,
                  "scaleDistribution": {
                    "type": "linear"
                  },
                  "showPoints": "auto",
                  "spanNulls": false,
                  "stacking": {
                    "group": "A",
                    "mode": "none"
                  },
                  "thresholdsStyle": {
                    "mode": "off"
                  }
                },
                "mappings": [],
                "thresholds": {
                  "mode": "absolute",
                  "steps": [
                    {
                      "color": "green"
                    },
                    {
                      "color": "red",
                      "value": 80
                    }
                  ]
                }
              },
              "overrides": []
            },
            "options": {
              "legend": {
                "calcs": [],
                "displayMode": "list",
                "placement": "bottom",
                "showLegend": true
              },
              "tooltip": {
                "hideZeros": false,
                "mode": "single",
                "sort": "none"
              }
            },
            "pluginVersion": "12.0.0"
          }
        }
      }
    },
    "panel-20": {
      "kind": "Panel",
      "spec": {
        "data": {
          "kind": "QueryGroup",
          "spec": {
            "queries": [
              {
                "kind": "PanelQuery",
                "spec": {
                  "hidden": false,
                  "query": {
                    "kind": "tempo",
                    "spec": {
                      "filters": [
                        {
                          "id": "f905accb",
                          "operator": "=",
                          "scope": "span"
                        },
                        {
                          "id": "service-name",
                          "operator": "=",
                          "scope": "resource",
                          "tag": "service.name",
                          "value": [
                            "ai-opponent"
                          ],
                          "valueType": "string"
                        }
                      ],
                      "limit": 20,
                      "metricsQueryType": "range",
                      "queryType": "traceqlSearch",
                      "tableType": "traces"
                    }
                  },
                  "refId": "A"
                }
              }
            ],
            "queryOptions": {},
            "transformations": []
          }
        },
        "description": "",
        "id": 20,
        "links": [],
        "title": "AI Decisions",
        "vizConfig": {
          "kind": "table",
          "spec": {
            "fieldConfig": {
              "defaults": {
                "custom": {
                  "align": "auto",
                  "cellOptions": {
                    "type": "auto"
                  },
                  "inspect": false
                },
                "mappings": [],
                "thresholds": {
                  "mode": "absolute",
                  "steps": [
                    {
                      "color": "green"
                    },
                    {
                      "color": "red",
                      "value": 80
                    }
                  ]
                }
              },
              "overrides": []
            },
            "options": {
              "cellHeight": "sm",
              "footer": {
                "countRows": false,
                "fields": "",
                "reducer": [
                  "sum"
                ],
                "show": false
              },
              "showHeader": true
            },
            "pluginVersion": "12.0.0"
          }
        }
      }
    },
    "panel-3": {
      "kind": "Panel",
      "spec": {
        "data": {
          "kind": "QueryGroup",
          "spec": {
            "queries": [
              {
                "kind": "PanelQuery",
                "spec": {
                  "hidden": false,
                  "query": {
                    "kind": "prometheus",
                    "spec": {
                      "disableTextWrap": false,
                      "editorMode": "code",
                      "exemplar": true,
                      "expr": "game_resources_ratio{location_type=\"capital\"}",
                      "fullMetaSearch": false,
                      "includeNullMetadata": true,
                      "instant": false,
                      "legendFormat": "__auto",
                      "range": true,
                      "useBackend": false
                    }
                  },
                  "refId": "A"
                }
              }
            ],
            "queryOptions": {},
            "transformations": []
          }
        },
        "description": "",
        "id": 3,
        "links": [],
        "title": "Current Resources (By Captital)",
        "vizConfig": {
          "kind": "timeseries",
          "spec": {
            "fieldConfig": {
              "defaults": {
                "color": {
                  "mode": "palette-classic-by-name"
                },
                "custom": {
                  "axisBorderShow": false,
                  "axisCenteredZero": false,
                  "axisColorMode": "text",
                  "axisLabel": "",
                  "axisPlacement": "auto",
                  "barAlignment": 0,
                  "barWidthFactor": 0.6,
                  "drawStyle": "line",
                  "fillOpacity": 26,
                  "gradientMode": "none",
                  "hideFrom": {
                    "legend": false,
                    "tooltip": false,
                    "viz": false
                  },
                  "insertNulls": false,
                  "lineInterpolation": "linear",
                  "lineWidth": 1,
                  "pointSize": 5,
                  "scaleDistribution": {
                    "type": "linear"
                  },
                  "showPoints": "auto",
                  "spanNulls": false,
                  "stacking": {
                    "group": "A",
                    "mode": "none"
                  },
                  "thresholdsStyle": {
                    "mode": "off"
                  }
                },
                "mappings": [],
                "thresholds": {
                  "mode": "absolute",
                  "steps": [
                    {
                      "color": "green"
                    },
                    {
                      "color": "red",
                      "value": 80
                    }
                  ]
                }
              },
              "overrides": []
            },
            "options": {
              "legend": {
                "calcs": [],
                "displayMode": "list",
                "placement": "bottom",
                "showLegend": true
              },
              "tooltip": {
                "hideZeros": false,
                "mode": "single",
                "sort": "none"
              }
            },
            "pluginVersion": "12.0.0"
          }
        }
      }
    },
    "panel-4": {
      "kind": "Panel",
      "spec": {
        "data": {
          "kind": "QueryGroup",
          "spec": {
            "queries": [
              {
                "kind": "PanelQuery",
                "spec": {
                  "hidden": false,
                  "query": {
                    "kind": "loki",
                    "spec": {
                      "direction": "backward",
                      "editorMode": "code",
                      "expr": "{service_name=\"southern-capital\"} | code_function_name != \"_log\"",
                      "queryType": "range"
                    }
                  },
                  "refId": "A"
                }
              }
            ],
            "queryOptions": {},
            "transformations": []
          }
        },
        "description": "",
        "id": 4,
        "links": [],
        "title": "Location History",
        "vizConfig": {
          "kind": "logs",
          "spec": {
            "fieldConfig": {
              "defaults": {},
              "overrides": []
            },
            "options": {
              "dedupStrategy": "none",
              "enableInfiniteScrolling": false,
              "enableLogDetails": true,
              "prettifyLogMessage": false,
              "showCommonLabels": false,
              "showLabels": false,
              "showTime": false,
              "sortOrder": "Descending",
              "wrapLogMessage": false
            },
            "pluginVersion": "12.0.0"
          }
        }
      }
    },
    "panel-5": {
      "kind": "Panel",
      "spec": {
        "data": {
          "kind": "QueryGroup",
          "spec": {
            "queries": [
              {
                "kind": "PanelQuery",
                "spec": {
                  "hidden": false,
                  "query": {
                    "kind": "prometheus",
                    "spec": {
                      "disableTextWrap": false,
                      "editorMode": "builder",
                      "exemplar": true,
                      "expr": "game_army_size_ratio{location=\"southern-capital\"}",
                      "fullMetaSearch": false,
                      "includeNullMetadata": true,
                      "instant": false,
                      "legendFormat": "__auto",
                      "range": true,
                      "useBackend": false
                    }
                  },
                  "refId": "A"
                }
              }
            ],
            "queryOptions": {},
            "transformations": []
          }
        },
        "description": "",
        "id": 5,
        "links": [],
        "title": "Current Army",
        "vizConfig": {
          "kind": "timeseries",
          "spec": {
            "fieldConfig": {
              "defaults": {
                "color": {
                  "fixedColor": "dark-red",
                  "mode": "fixed"
                },
                "custom": {
                  "axisBorderShow": false,
                  "axisCenteredZero": false,
                  "axisColorMode": "text",
                  "axisLabel": "",
                  "axisPlacement": "auto",
                  "barAlignment": 0,
                  "barWidthFactor": 0.6,
                  "drawStyle": "line",
                  "fillOpacity": 20,
                  "gradientMode": "scheme",
                  "hideFrom": {
                    "legend": false,
                    "tooltip": false,
                    "viz": false
                  },
                  "insertNulls": false,
                  "lineInterpolation": "smooth",
                  "lineWidth": 3,
                  "pointSize": 5,
                  "scaleDistribution": {
                    "type": "linear"
                  },
                  "showPoints": "auto",
                  "spanNulls": false,
                  "stacking": {
                    "group": "A",
                    "mode": "none"
                  },
                  "thresholdsStyle": {
                    "mode": "off"
                  }
                },
                "thresholds": {
                  "mode": "absolute",
                  "steps": [
                    {
                      "color": "green",
                      "value": 0
                    },
                    {
                      "color": "red",
                      "value": 80
                    }
                  ]
                }
              },
              "overrides": []
            },
            "options": {
              "legend": {
                "calcs": [],
                "displayMode": "hidden",
                "placement": "right",
                "showLegend": false
              },
              "tooltip": {
                "hideZeros": false,
                "mode": "single",
                "sort": "none"
              }
            },
            "pluginVersion": "12.0.0"
          }
        }
      }
    },
    "panel-6": {
      "kind": "Panel",
      "spec": {
        "data": {
          "kind": "QueryGroup",
          "spec": {
            "queries": [
              {
                "kind": "PanelQuery",
                "spec": {
                  "hidden": false,
                  "query": {
                    "kind": "prometheus",
                    "spec": {
                      "disableTextWrap": false,
                      "editorMode": "builder",
                      "expr": "game_resources_ratio{location=\"southern-capital\"}",
                      "fullMetaSearch": false,
                      "includeNullMetadata": true,
                      "instant": false,
                      "legendFormat": "__auto",
                      "range": true,
                      "useBackend": false
                    }
                  },
                  "refId": "A"
                }
              }
            ],
            "queryOptions": {},
            "transformations": []
          }
        },
        "description": "",
        "id": 6,
        "links": [],
        "title": "Current Resources",
        "vizConfig": {
          "kind": "gauge",
          "spec": {
            "fieldConfig": {
              "defaults": {
                "color": {
                  "mode": "thresholds"
                },
                "max": 200,
                "min": 0,
                "thresholds": {
                  "mode": "absolute",
                  "steps": [
                    {
                      "color": "dark-red",
                      "value": 0
                    },
                    {
                      "color": "red",
                      "value": 30
                    },
                    {
                      "color": "#EAB839",
                      "value": 50
                    },
                    {
                      "color": "dark-green",
                      "value": 100
                    }
                  ]
                }
              },
              "overrides": []
            },
            "options": {
              "minVizHeight": 75,
              "minVizWidth": 75,
              "orientation": "auto",
              "reduceOptions": {
                "calcs": [
                  "lastNotNull"
                ],
                "fields": "",
                "values": false
              },
              "showThresholdLabels": false,
              "showThresholdMarkers": true,
              "sizing": "auto"
            },
            "pluginVersion": "12.0.0"
          }
        }
      }
    },
    "panel-7": {
      "kind": "Panel",
      "spec": {
        "data": {
          "kind": "QueryGroup",
          "spec": {
            "queries": [
              {
                "kind": "PanelQuery",
                "spec": {
                  "hidden": false,
                  "query": {
                    "kind": "prometheus",
                    "spec": {
                      "disableTextWrap": false,
                      "editorMode": "builder",
                      "expr": "game_location_control_ratio{location=\"southern-capital\"}",
                      "fullMetaSearch": false,
                      "includeNullMetadata": true,
                      "instant": false,
                      "legendFormat": "__auto",
                      "range": true,
                      "useBackend": false
                    }
                  },
                  "refId": "A"
                }
              }
            ],
            "queryOptions": {},
            "transformations": []
          }
        },
        "description": "",
        "id": 7,
        "links": [],
        "title": "Location Allegiance",
        "vizConfig": {
          "kind": "bargauge",
          "spec": {
            "fieldConfig": {
              "defaults": {
                "color": {
                  "mode": "thresholds"
                },
                "max": 2,
                "min": 0,
                "thresholds": {
                  "mode": "absolute",
                  "steps": [
                    {
                      "color": "#370a4d",
                      "value": 0
                    },
                    {
                      "color": "super-light-blue",
                      "value": 1
                    },
                    {
                      "color": "dark-red",
                      "value": 2
                    }
                  ]
                }
              },
              "overrides": []
            },
            "options": {
              "displayMode": "gradient",
              "legend": {
                "calcs": [],
                "displayMode": "list",
                "placement": "bottom",
                "showLegend": false
              },
              "maxVizHeight": 300,
              "minVizHeight": 16,
              "minVizWidth": 8,
              "namePlacement": "auto",
              "orientation": "auto",
              "reduceOptions": {
                "calcs": [
                  "lastNotNull"
                ],
                "fields": "",
                "values": false
              },
              "showUnfilled": true,
              "sizing": "auto",
              "valueMode": "color"
            },
            "pluginVersion": "12.0.0"
          }
        }
      }
    },
    "panel-8": {
      "kind": "Panel",
      "spec": {
        "data": {
          "kind": "QueryGroup",
          "spec": {
            "queries": [
              {
                "kind": "PanelQuery",
                "spec": {
                  "hidden": false,
                  "query": {
                    "kind": "prometheus",
                    "spec": {
                      "disableTextWrap": false,
                      "editorMode": "builder",
                      "expr": "game_army_size_ratio{location=\"northern-capital\"}",
                      "fullMetaSearch": false,
                      "includeNullMetadata": true,
                      "instant": false,
                      "legendFormat": "__auto",
                      "range": true,
                      "useBackend": false
                    }
                  },
                  "refId": "A"
                }
              }
            ],
            "queryOptions": {},
            "transformations": []
          }
        },
        "description": "",
        "id": 8,
        "links": [],
        "title": "Current Army",
        "vizConfig": {
          "kind": "gauge",
          "spec": {
            "fieldConfig": {
              "defaults": {
                "color": {
                  "mode": "thresholds"
                },
                "max": 10,
                "min": 0,
                "thresholds": {
                  "mode": "absolute",
                  "steps": [
                    {
                      "color": "dark-red",
                      "value": 0
                    },
                    {
                      "color": "red",
                      "value": 3
                    },
                    {
                      "color": "#EAB839",
                      "value": 5
                    },
                    {
                      "color": "dark-green",
                      "value": 15
                    }
                  ]
                }
              },
              "overrides": []
            },
            "options": {
              "minVizHeight": 75,
              "minVizWidth": 75,
              "orientation": "auto",
              "reduceOptions": {
                "calcs": [
                  "lastNotNull"
                ],
                "fields": "",
                "values": false
              },
              "showThresholdLabels": false,
              "showThresholdMarkers": true,
              "sizing": "auto"
            },
            "pluginVersion": "12.0.0"
          }
        }
      }
    },
    "panel-9": {
      "kind": "Panel",
      "spec": {
        "data": {
          "kind": "QueryGroup",
          "spec": {
            "queries": [
              {
                "kind": "PanelQuery",
                "spec": {
                  "hidden": false,
                  "query": {
                    "kind": "prometheus",
                    "spec": {
                      "disableTextWrap": false,
                      "editorMode": "builder",
                      "expr": "game_resources_ratio{location=\"northern-capital\"}",
                      "fullMetaSearch": false,
                      "includeNullMetadata": true,
                      "instant": false,
                      "legendFormat": "__auto",
                      "range": true,
                      "useBackend": false
                    }
                  },
                  "refId": "A"
                }
              }
            ],
            "queryOptions": {},
            "transformations": []
          }
        },
        "description": "",
        "id": 9,
        "links": [],
        "title": "Current Resources",
        "vizConfig": {
          "kind": "gauge",
          "spec": {
            "fieldConfig": {
              "defaults": {
                "color": {
                  "mode": "thresholds"
                },
                "max": 200,
                "min": 0,
                "thresholds": {
                  "mode": "absolute",
                  "steps": [
                    {
                      "color": "dark-red",
                      "value": 0
                    },
                    {
                      "color": "red",
                      "value": 30
                    },
                    {
                      "color": "#EAB839",
                      "value": 50
                    },
                    {
                      "color": "dark-green",
                      "value": 100
                    }
                  ]
                }
              },
              "overrides": []
            },
            "options": {
              "minVizHeight": 75,
              "minVizWidth": 75,
              "orientation": "auto",
              "reduceOptions": {
                "calcs": [
                  "lastNotNull"
                ],
                "fields": "",
                "values": false
              },
              "showThresholdLabels": false,
              "showThresholdMarkers": true,
              "sizing": "auto"
            },
            "pluginVersion": "12.0.0"
          }
        }
      }
    }
  },
  "layout": {
    "kind": "TabsLayout",
    "spec": {
      "tabs": [
        {
          "kind": "TabsLayoutTab",
          "spec": {
            "layout": {
              "kind": "RowsLayout",
              "spec": {
                "rows": [
                  {
                    "kind": "RowsLayoutRow",
                    "spec": {
                      "collapse": false,
                      "layout": {
                        "kind": "GridLayout",
                        "spec": {
                          "items": [
                            {
                              "kind": "GridLayoutItem",
                              "spec": {
                                "element": {
                                  "kind": "ElementReference",
                                  "name": "panel-19"
                                },
                                "height": 7,
                                "width": 24,
                                "x": 0,
                                "y": 0
                              }
                            },
                            {
                              "kind": "GridLayoutItem",
                              "spec": {
                                "element": {
                                  "kind": "ElementReference",
                                  "name": "panel-1"
                                },
                                "height": 11,
                                "width": 24,
                                "x": 0,
                                "y": 7
                              }
                            },
                            {
                              "kind": "GridLayoutItem",
                              "spec": {
                                "element": {
                                  "kind": "ElementReference",
                                  "name": "panel-2"
                                },
                                "height": 6,
                                "width": 12,
                                "x": 0,
                                "y": 18
                              }
                            },
                            {
                              "kind": "GridLayoutItem",
                              "spec": {
                                "element": {
                                  "kind": "ElementReference",
                                  "name": "panel-3"
                                },
                                "height": 6,
                                "width": 12,
                                "x": 12,
                                "y": 18
                              }
                            },
                            {
                              "kind": "GridLayoutItem",
                              "spec": {
                                "element": {
                                  "kind": "ElementReference",
                                  "name": "panel-20"
                                },
                                "height": 11,
                                "width": 24,
                                "x": 0,
                                "y": 24
                              }
                            }
                          ]
                        }
                      },
                      "title": "Current Overview"
                    }
                  },
                  {
                    "kind": "RowsLayoutRow",
                    "spec": {
                      "collapse": false,
                      "layout": {
                        "kind": "GridLayout",
                        "spec": {
                          "items": [
                            {
                              "kind": "GridLayoutItem",
                              "spec": {
                                "element": {
                                  "kind": "ElementReference",
                                  "name": "panel-16"
                                },
                                "height": 11,
                                "width": 24,
                                "x": 0,
                                "y": 0
                              }
                            },
                            {
                              "kind": "GridLayoutItem",
                              "spec": {
                                "element": {
                                  "kind": "ElementReference",
                                  "name": "panel-17"
                                },
                                "height": 10,
                                "width": 24,
                                "x": 0,
                                "y": 11
                              }
                            }
                          ]
                        }
                      },
                      "title": "Trace Analytics"
                    }
                  }
                ]
              }
            },
            "title": "War Map"
          }
        },
        {
          "kind": "TabsLayoutTab",
          "spec": {
            "layout": {
              "kind": "GridLayout",
              "spec": {
                "items": [
                  {
                    "kind": "GridLayoutItem",
                    "spec": {
                      "element": {
                        "kind": "ElementReference",
                        "name": "panel-18"
                      },
                      "height": 6,
                      "width": 9,
                      "x": 0,
                      "y": 0
                    }
                  },
                  {
                    "kind": "GridLayoutItem",
                    "spec": {
                      "element": {
                        "kind": "ElementReference",
                        "name": "panel-6"
                      },
                      "height": 6,
                      "width": 8,
                      "x": 9,
                      "y": 0
                    }
                  },
                  {
                    "kind": "GridLayoutItem",
                    "spec": {
                      "element": {
                        "kind": "ElementReference",
                        "name": "panel-7"
                      },
                      "height": 6,
                      "width": 7,
                      "x": 17,
                      "y": 0
                    }
                  },
                  {
                    "kind": "GridLayoutItem",
                    "spec": {
                      "element": {
                        "kind": "ElementReference",
                        "name": "panel-4"
                      },
                      "height": 10,
                      "width": 24,
                      "x": 0,
                      "y": 6
                    }
                  },
                  {
                    "kind": "GridLayoutItem",
                    "spec": {
                      "element": {
                        "kind": "ElementReference",
                        "name": "panel-5"
                      },
                      "height": 6,
                      "width": 24,
                      "x": 0,
                      "y": 16
                    }
                  }
                ]
              }
            },
            "title": "Southern Kingdom"
          }
        },
        {
          "kind": "TabsLayoutTab",
          "spec": {
            "layout": {
              "kind": "GridLayout",
              "spec": {
                "items": [
                  {
                    "kind": "GridLayoutItem",
                    "spec": {
                      "element": {
                        "kind": "ElementReference",
                        "name": "panel-8"
                      },
                      "height": 6,
                      "width": 9,
                      "x": 0,
                      "y": 0
                    }
                  },
                  {
                    "kind": "GridLayoutItem",
                    "spec": {
                      "element": {
                        "kind": "ElementReference",
                        "name": "panel-9"
                      },
                      "height": 6,
                      "width": 8,
                      "x": 9,
                      "y": 0
                    }
                  },
                  {
                    "kind": "GridLayoutItem",
                    "spec": {
                      "element": {
                        "kind": "ElementReference",
                        "name": "panel-10"
                      },
                      "height": 6,
                      "width": 7,
                      "x": 17,
                      "y": 0
                    }
                  },
                  {
                    "kind": "GridLayoutItem",
                    "spec": {
                      "element": {
                        "kind": "ElementReference",
                        "name": "panel-11"
                      },
                      "height": 10,
                      "width": 24,
                      "x": 0,
                      "y": 6
                    }
                  }
                ]
              }
            },
            "title": "Northern Kingdom "
          }
        },
        {
          "kind": "TabsLayoutTab",
          "spec": {
            "layout": {
              "kind": "GridLayout",
              "spec": {
                "items": [
                  {
                    "kind": "GridLayoutItem",
                    "spec": {
                      "element": {
                        "kind": "ElementReference",
                        "name": "panel-12"
                      },
                      "height": 6,
                      "width": 9,
                      "x": 0,
                      "y": 0
                    }
                  },
                  {
                    "kind": "GridLayoutItem",
                    "spec": {
                      "element": {
                        "kind": "ElementReference",
                        "name": "panel-13"
                      },
                      "height": 6,
                      "width": 8,
                      "x": 9,
                      "y": 0
                    }
                  },
                  {
                    "kind": "GridLayoutItem",
                    "spec": {
                      "element": {
                        "kind": "ElementReference",
                        "name": "panel-14"
                      },
                      "height": 6,
                      "width": 7,
                      "x": 17,
                      "y": 0
                    }
                  },
                  {
                    "kind": "GridLayoutItem",
                    "spec": {
                      "element": {
                        "kind": "ElementReference",
                        "name": "panel-15"
                      },
                      "height": 10,
                      "width": 24,
                      "x": 0,
                      "y": 6
                    }
                  }
                ]
              }
            },
            "title": "Villages"
          }
        }
      ]
    }
  },
  "links": [],
  "liveNow": false,
  "preload": false,
  "tags": [],
  "timeSettings": {
    "autoRefresh": "",
    "autoRefreshIntervals": [
      "5s",
      "10s",
      "30s",
      "1m",
      "5m",
      "15m",
      "30m",
      "1h",
      "2h",
      "1d"
    ],
    "fiscalYearStartMonth": 0,
    "from": "now-30m",
    "hideTimepicker": false,
    "timezone": "browser",
    "to": "now"
  },
  "title": "Game Dashboard",
  "variables": [
    {
      "kind": "QueryVariable",
      "spec": {
        "current": {
          "text": "",
          "value": ""
        },
        "definition": "label_values(game_resources_ratio,job)",
        "hide": "dontHide",
        "includeAll": false,
        "label": "Villages",
        "multi": false,
        "name": "villages",
        "options": [],
        "query": {
          "kind": "prometheus",
          "spec": {
            "qryType": 1,
            "query": "label_values(game_resources_ratio,job)",
            "refId": "PrometheusVariableQueryEditor-VariableQuery"
          }
        },
        "refresh": "onDashboardLoad",
        "regex": "",
        "skipUrlSync": false,
        "sort": "alphabeticalAsc"
      }
    }
  ]
}